Id,Predicted
9597.wav,Happy
9598.wav,Sad
9599.wav,Angry
9600.wav,Sad
9601.wav,Sad
9602.wav,Happy
9603.wav,Fearful
9604.wav,Sad
9605.wav,Neutral
9606.wav,Suprised
9607.wav,Angry
9608.wav,Fearful
9609.wav,Happy
9610.wav,Angry
9611.wav,Happy
9612.wav,Angry
9613.wav,Happy
9614.wav,Happy
9615.wav,Happy
9616.wav,Sad
9617.wav,Angry
9618.wav,Sad
9619.wav,Neutral
9620.wav,Sad
9621.wav,Sad
9622.wav,Angry
9623.wav,Happy
9624.wav,Suprised
9625.wav,Happy
9626.wav,Happy
9627.wav,Sad
9628.wav,Sad
9629.wav,Fearful
9630.wav,Sad
9631.wav,Neutral
9632.wav,Neutral
9633.wav,Suprised
9634.wav,Sad
9635.wav,Happy
9636.wav,Neutral
9637.wav,Disgusted
9638.wav,Neutral
9639.wav,Happy
9640.wav,Neutral
9641.wav,Angry
9642.wav,Neutral
9643.wav,Fearful
9644.wav,Disgusted
9645.wav,Neutral
9646.wav,Happy
9647.wav,Suprised
9648.wav,Happy
9649.wav,Angry
9650.wav,Happy
9651.wav,Neutral
9652.wav,Neutral
9653.wav,Fearful
9654.wav,Sad
9655.wav,Suprised
9656.wav,Sad
9657.wav,Sad
9658.wav,Neutral
9659.wav,Suprised
9660.wav,Angry
9661.wav,Happy
9662.wav,Angry
9663.wav,Sad
9664.wav,Sad
9665.wav,Sad
9666.wav,Fearful
9667.wav,Angry
9668.wav,Neutral
9669.wav,Angry
9670.wav,Happy
9671.wav,Sad
9672.wav,Fearful
9673.wav,Sad
9674.wav,Neutral
9675.wav,Sad
9676.wav,Sad
9677.wav,Suprised
9678.wav,Sad
9679.wav,Fearful
9680.wav,Suprised
9681.wav,Fearful
9682.wav,Happy
9683.wav,Fearful
9684.wav,Angry
9685.wav,Happy
9686.wav,Disgusted
9687.wav,Fearful
9688.wav,Happy
9689.wav,Happy
9690.wav,Angry
9691.wav,Suprised
9692.wav,Sad
9693.wav,Angry
9694.wav,Fearful
9695.wav,Disgusted
9696.wav,Neutral
9697.wav,Neutral
9698.wav,Neutral
9699.wav,Happy
9700.wav,Angry
9701.wav,Sad
9702.wav,Happy
9703.wav,Angry
9704.wav,Neutral
9705.wav,Disgusted
9706.wav,Suprised
9707.wav,Suprised
9708.wav,Sad
9709.wav,Disgusted
9710.wav,Disgusted
9711.wav,Fearful
9712.wav,Fearful
9713.wav,Sad
9714.wav,Happy
9715.wav,Happy
9716.wav,Angry
9717.wav,Angry
9718.wav,Neutral
9719.wav,Angry
9720.wav,Sad
9721.wav,Sad
9722.wav,Happy
9723.wav,Fearful
9724.wav,Disgusted
9725.wav,Happy
9726.wav,Sad
9727.wav,Fearful
9728.wav,Neutral
9729.wav,Disgusted
9730.wav,Disgusted
9731.wav,Angry
9732.wav,Sad
9733.wav,Sad
9734.wav,Angry
9735.wav,Neutral
9736.wav,Neutral
9737.wav,Neutral
9738.wav,Angry
9739.wav,Sad
9740.wav,Angry
9741.wav,Angry
9742.wav,Angry
9743.wav,Disgusted
9744.wav,Suprised
9745.wav,Sad
9746.wav,Happy
9747.wav,Happy
9748.wav,Sad
9749.wav,Neutral
9750.wav,Happy
9751.wav,Suprised
9752.wav,Sad
9753.wav,Angry
9754.wav,Angry
9755.wav,Happy
9756.wav,Fearful
9757.wav,Angry
9758.wav,Fearful
9759.wav,Fearful
9760.wav,Sad
9761.wav,Sad
9762.wav,Disgusted
9763.wav,Disgusted
9764.wav,Angry
9765.wav,Angry
9766.wav,Disgusted
9767.wav,Fearful
9768.wav,Disgusted
9769.wav,Fearful
9770.wav,Angry
9771.wav,Happy
9772.wav,Happy
9773.wav,Sad
9774.wav,Neutral
9775.wav,Sad
9776.wav,Happy
9777.wav,Angry
9778.wav,Neutral
9779.wav,Disgusted
9780.wav,Disgusted
9781.wav,Happy
9782.wav,Sad
9783.wav,Happy
9784.wav,Disgusted
9785.wav,Fearful
9786.wav,Sad
9787.wav,Neutral
9788.wav,Sad
9789.wav,Suprised
9790.wav,Angry
9791.wav,Sad
9792.wav,Neutral
9793.wav,Disgusted
9794.wav,Happy
9795.wav,Disgusted
9796.wav,Fearful
9797.wav,Sad
9798.wav,Neutral
9799.wav,Happy
9800.wav,Suprised
9801.wav,Angry
9802.wav,Happy
9803.wav,Neutral
9804.wav,Suprised
9805.wav,Neutral
9806.wav,Happy
9807.wav,Happy
9808.wav,Angry
9809.wav,Sad
9810.wav,Angry
9811.wav,Angry
9812.wav,Angry
9813.wav,Sad
9814.wav,Disgusted
9815.wav,Happy
9816.wav,Sad
9817.wav,Neutral
9818.wav,Fearful
9819.wav,Happy
9820.wav,Sad
9821.wav,Sad
9822.wav,Neutral
9823.wav,Neutral
9824.wav,Sad
9825.wav,Neutral
9826.wav,Fearful
9827.wav,Angry
9828.wav,Disgusted
9829.wav,Sad
9830.wav,Happy
9831.wav,Disgusted
9832.wav,Fearful
9833.wav,Neutral
9834.wav,Disgusted
9835.wav,Sad
9836.wav,Happy
9837.wav,Sad
9838.wav,Disgusted
9839.wav,Sad
9840.wav,Disgusted
9841.wav,Angry
9842.wav,Angry
9843.wav,Sad
9844.wav,Angry
9845.wav,Angry
9846.wav,Sad
9847.wav,Happy
9848.wav,Happy
9849.wav,Happy
9850.wav,Angry
9851.wav,Suprised
9852.wav,Neutral
9853.wav,Sad
9854.wav,Fearful
9855.wav,Happy
9856.wav,Neutral
9857.wav,Disgusted
9858.wav,Angry
9859.wav,Angry
9860.wav,Happy
9861.wav,Fearful
9862.wav,Disgusted
9863.wav,Sad
9864.wav,Sad
9865.wav,Neutral
9866.wav,Happy
9867.wav,Angry
9868.wav,Happy
9869.wav,Fearful
9870.wav,Happy
9871.wav,Disgusted
9872.wav,Disgusted
9873.wav,Angry
9874.wav,Sad
9875.wav,Angry
9876.wav,Sad
9877.wav,Sad
9878.wav,Angry
9879.wav,Neutral
9880.wav,Angry
9881.wav,Angry
9882.wav,Neutral
9883.wav,Happy
9884.wav,Fearful
9885.wav,Neutral
9886.wav,Neutral
9887.wav,Happy
9888.wav,Sad
9889.wav,Angry
9890.wav,Angry
9891.wav,Angry
9892.wav,Neutral
9893.wav,Neutral
9894.wav,Angry
9895.wav,Sad
9896.wav,Disgusted
9897.wav,Sad
9898.wav,Neutral
9899.wav,Sad
9900.wav,Happy
9901.wav,Angry
9902.wav,Angry
9903.wav,Neutral
9904.wav,Happy
9905.wav,Happy
9906.wav,Neutral
9907.wav,Angry
9908.wav,Angry
9909.wav,Neutral
9910.wav,Sad
9911.wav,Fearful
9912.wav,Suprised
9913.wav,Disgusted
9914.wav,Happy
9915.wav,Angry
9916.wav,Disgusted
9917.wav,Neutral
9918.wav,Sad
9919.wav,Happy
9920.wav,Angry
9921.wav,Neutral
9922.wav,Fearful
9923.wav,Sad
9924.wav,Fearful
9925.wav,Fearful
9926.wav,Angry
9927.wav,Disgusted
9928.wav,Disgusted
9929.wav,Happy
9930.wav,Happy
9931.wav,Disgusted
9932.wav,Sad
9933.wav,Neutral
9934.wav,Disgusted
9935.wav,Happy
9936.wav,Neutral
9937.wav,Angry
9938.wav,Angry
9939.wav,Neutral
9940.wav,Angry
9941.wav,Sad
9942.wav,Angry
9943.wav,Sad
9944.wav,Neutral
9945.wav,Angry
9946.wav,Angry
9947.wav,Sad
9948.wav,Angry
9949.wav,Happy
9950.wav,Neutral
9951.wav,Neutral
9952.wav,Sad
9953.wav,Disgusted
9954.wav,Angry
9955.wav,Disgusted
9956.wav,Suprised
9957.wav,Happy
9958.wav,Suprised
9959.wav,Suprised
9960.wav,Sad
9961.wav,Disgusted
9962.wav,Angry
9963.wav,Neutral
9964.wav,Sad
9965.wav,Sad
9966.wav,Sad
9967.wav,Neutral
9968.wav,Angry
9969.wav,Neutral
9970.wav,Happy
9971.wav,Happy
9972.wav,Angry
9973.wav,Happy
9974.wav,Neutral
9975.wav,Disgusted
9976.wav,Angry
9977.wav,Sad
9978.wav,Happy
9979.wav,Sad
9980.wav,Angry
9981.wav,Fearful
9982.wav,Angry
9983.wav,Happy
9984.wav,Sad
9985.wav,Fearful
9986.wav,Sad
9987.wav,Fearful
9988.wav,Angry
9989.wav,Angry
9990.wav,Disgusted
9991.wav,Neutral
9992.wav,Disgusted
9993.wav,Happy
9994.wav,Happy
9995.wav,Sad
9996.wav,Angry
9997.wav,Sad
9998.wav,Angry
9999.wav,Sad
10000.wav,Happy
10001.wav,Sad
10002.wav,Sad
10003.wav,Fearful
10004.wav,Angry
10005.wav,Fearful
10006.wav,Angry
10007.wav,Sad
10008.wav,Happy
10009.wav,Angry
10010.wav,Sad
10011.wav,Angry
10012.wav,Neutral
10013.wav,Angry
10014.wav,Neutral
10015.wav,Sad
10016.wav,Suprised
10017.wav,Angry
10018.wav,Happy
10019.wav,Neutral
10020.wav,Neutral
10021.wav,Suprised
10022.wav,Suprised
10023.wav,Angry
10024.wav,Angry
10025.wav,Happy
10026.wav,Neutral
10027.wav,Fearful
10028.wav,Sad
10029.wav,Suprised
10030.wav,Sad
10031.wav,Fearful
10032.wav,Fearful
10033.wav,Neutral
10034.wav,Sad
10035.wav,Fearful
10036.wav,Sad
10037.wav,Neutral
10038.wav,Sad
10039.wav,Neutral
10040.wav,Suprised
10041.wav,Happy
10042.wav,Sad
10043.wav,Fearful
10044.wav,Angry
10045.wav,Angry
10046.wav,Suprised
10047.wav,Sad
10048.wav,Neutral
10049.wav,Disgusted
10050.wav,Fearful
10051.wav,Disgusted
10052.wav,Happy
10053.wav,Fearful
10054.wav,Neutral
10055.wav,Neutral
10056.wav,Sad
10057.wav,Fearful
10058.wav,Sad
10059.wav,Disgusted
10060.wav,Disgusted
10061.wav,Angry
10062.wav,Disgusted
10063.wav,Angry
10064.wav,Fearful
10065.wav,Happy
10066.wav,Fearful
10067.wav,Sad
10068.wav,Fearful
10069.wav,Happy
10070.wav,Disgusted
10071.wav,Sad
10072.wav,Suprised
10073.wav,Happy
10074.wav,Neutral
10075.wav,Happy
10076.wav,Angry
10077.wav,Disgusted
10078.wav,Happy
10079.wav,Happy
10080.wav,Angry
10081.wav,Happy
10082.wav,Fearful
10083.wav,Neutral
10084.wav,Fearful
10085.wav,Angry
10086.wav,Neutral
10087.wav,Sad
10088.wav,Fearful
10089.wav,Angry
10090.wav,Fearful
10091.wav,Angry
10092.wav,Neutral
10093.wav,Neutral
10094.wav,Happy
10095.wav,Angry
10096.wav,Disgusted
10097.wav,Neutral
10098.wav,Disgusted
10099.wav,Sad
10100.wav,Angry
10101.wav,Angry
10102.wav,Sad
10103.wav,Disgusted
10104.wav,Neutral
10105.wav,Sad
10106.wav,Happy
10107.wav,Sad
10108.wav,Neutral
10109.wav,Happy
10110.wav,Happy
10111.wav,Neutral
10112.wav,Happy
10113.wav,Angry
10114.wav,Fearful
10115.wav,Happy
10116.wav,Sad
10117.wav,Neutral
10118.wav,Sad
10119.wav,Disgusted
10120.wav,Neutral
10121.wav,Angry
10122.wav,Fearful
10123.wav,Angry
10124.wav,Happy
10125.wav,Sad
10126.wav,Sad
10127.wav,Neutral
10128.wav,Happy
10129.wav,Disgusted
10130.wav,Sad
10131.wav,Disgusted
10132.wav,Neutral
10133.wav,Sad
10134.wav,Angry
10135.wav,Sad
10136.wav,Sad
10137.wav,Fearful
10138.wav,Disgusted
10139.wav,Disgusted
10140.wav,Neutral
10141.wav,Neutral
10142.wav,Sad
10143.wav,Sad
10144.wav,Sad
10145.wav,Sad
10146.wav,Fearful
10147.wav,Fearful
10148.wav,Sad
10149.wav,Sad
10150.wav,Neutral
10151.wav,Disgusted
10152.wav,Suprised
10153.wav,Angry
10154.wav,Sad
10155.wav,Angry
10156.wav,Sad
10157.wav,Sad
10158.wav,Angry
10159.wav,Sad
10160.wav,Happy
10161.wav,Disgusted
10162.wav,Angry
10163.wav,Happy
10164.wav,Angry
10165.wav,Sad
10166.wav,Angry
10167.wav,Angry
10168.wav,Disgusted
10169.wav,Sad
10170.wav,Sad
10171.wav,Fearful
10172.wav,Disgusted
10173.wav,Disgusted
10174.wav,Disgusted
10175.wav,Angry
10176.wav,Fearful
10177.wav,Sad
10178.wav,Sad
10179.wav,Sad
10180.wav,Fearful
10181.wav,Suprised
10182.wav,Sad
10183.wav,Neutral
10184.wav,Sad
10185.wav,Sad
10186.wav,Disgusted
10187.wav,Angry
10188.wav,Neutral
10189.wav,Sad
10190.wav,Angry
10191.wav,Fearful
10192.wav,Neutral
10193.wav,Sad
10194.wav,Angry
10195.wav,Disgusted
10196.wav,Angry
10197.wav,Angry
10198.wav,Sad
10199.wav,Sad
10200.wav,Neutral
10201.wav,Sad
10202.wav,Suprised
10203.wav,Sad
10204.wav,Angry
10205.wav,Angry
10206.wav,Angry
10207.wav,Happy
10208.wav,Neutral
10209.wav,Angry
10210.wav,Angry
10211.wav,Sad
10212.wav,Sad
10213.wav,Happy
10214.wav,Angry
10215.wav,Happy
10216.wav,Disgusted
10217.wav,Disgusted
10218.wav,Angry
10219.wav,Fearful
10220.wav,Disgusted
10221.wav,Happy
10222.wav,Sad
10223.wav,Sad
10224.wav,Happy
10225.wav,Happy
10226.wav,Angry
10227.wav,Sad
10228.wav,Angry
10229.wav,Angry
10230.wav,Angry
10231.wav,Neutral
10232.wav,Angry
10233.wav,Happy
10234.wav,Neutral
10235.wav,Happy
10236.wav,Disgusted
10237.wav,Fearful
10238.wav,Happy
10239.wav,Angry
10240.wav,Happy
10241.wav,Sad
10242.wav,Sad
10243.wav,Happy
10244.wav,Sad
10245.wav,Neutral
10246.wav,Happy
10247.wav,Angry
10248.wav,Neutral
10249.wav,Sad
10250.wav,Sad
10251.wav,Neutral
10252.wav,Disgusted
10253.wav,Disgusted
10254.wav,Sad
10255.wav,Angry
10256.wav,Sad
10257.wav,Happy
10258.wav,Fearful
10259.wav,Happy
10260.wav,Happy
10261.wav,Angry
10262.wav,Fearful
10263.wav,Fearful
10264.wav,Happy
10265.wav,Angry
10266.wav,Happy
10267.wav,Disgusted
10268.wav,Sad
10269.wav,Neutral
10270.wav,Happy
10271.wav,Suprised
10272.wav,Disgusted
10273.wav,Neutral
10274.wav,Fearful
10275.wav,Neutral
10276.wav,Disgusted
10277.wav,Neutral
10278.wav,Fearful
10279.wav,Fearful
10280.wav,Angry
10281.wav,Angry
10282.wav,Angry
10283.wav,Angry
10284.wav,Fearful
10285.wav,Angry
10286.wav,Happy
10287.wav,Happy
10288.wav,Happy
10289.wav,Angry
10290.wav,Happy
10291.wav,Happy
10292.wav,Happy
10293.wav,Angry
10294.wav,Sad
10295.wav,Angry
10296.wav,Disgusted
10297.wav,Happy
10298.wav,Neutral
10299.wav,Suprised
10300.wav,Happy
10301.wav,Disgusted
10302.wav,Disgusted
10303.wav,Disgusted
10304.wav,Neutral
10305.wav,Happy
10306.wav,Suprised
10307.wav,Sad
10308.wav,Angry
10309.wav,Angry
10310.wav,Disgusted
10311.wav,Angry
10312.wav,Sad
10313.wav,Angry
10314.wav,Fearful
10315.wav,Disgusted
10316.wav,Suprised
10317.wav,Happy
10318.wav,Disgusted
10319.wav,Angry
10320.wav,Sad
10321.wav,Happy
10322.wav,Sad
10323.wav,Neutral
10324.wav,Happy
10325.wav,Happy
10326.wav,Sad
10327.wav,Disgusted
10328.wav,Sad
10329.wav,Disgusted
10330.wav,Sad
10331.wav,Fearful
10332.wav,Fearful
10333.wav,Neutral
10334.wav,Neutral
10335.wav,Happy
10336.wav,Neutral
10337.wav,Fearful
10338.wav,Fearful
10339.wav,Neutral
10340.wav,Neutral
10341.wav,Sad
10342.wav,Happy
10343.wav,Fearful
10344.wav,Disgusted
10345.wav,Sad
10346.wav,Angry
10347.wav,Disgusted
10348.wav,Happy
10349.wav,Disgusted
10350.wav,Happy
10351.wav,Disgusted
10352.wav,Disgusted
10353.wav,Sad
10354.wav,Happy
10355.wav,Happy
10356.wav,Angry
10357.wav,Neutral
10358.wav,Neutral
10359.wav,Disgusted
10360.wav,Sad
10361.wav,Happy
10362.wav,Disgusted
10363.wav,Fearful
10364.wav,Neutral
10365.wav,Angry
10366.wav,Neutral
10367.wav,Neutral
10368.wav,Fearful
10369.wav,Sad
10370.wav,Angry
10371.wav,Happy
10372.wav,Sad
10373.wav,Sad
10374.wav,Sad
10375.wav,Angry
10376.wav,Happy
10377.wav,Neutral
10378.wav,Sad
10379.wav,Sad
10380.wav,Disgusted
10381.wav,Sad
10382.wav,Disgusted
10383.wav,Happy
10384.wav,Happy
10385.wav,Sad
10386.wav,Neutral
10387.wav,Happy
10388.wav,Sad
10389.wav,Neutral
10390.wav,Happy
10391.wav,Sad
10392.wav,Neutral
10393.wav,Disgusted
10394.wav,Happy
10395.wav,Happy
10396.wav,Suprised
10397.wav,Sad
10398.wav,Angry
10399.wav,Fearful
10400.wav,Angry
10401.wav,Happy
10402.wav,Neutral
10403.wav,Fearful
10404.wav,Sad
10405.wav,Neutral
10406.wav,Sad
10407.wav,Sad
10408.wav,Angry
10409.wav,Neutral
10410.wav,Fearful
10411.wav,Sad
10412.wav,Angry
10413.wav,Angry
10414.wav,Suprised
10415.wav,Angry
10416.wav,Angry
10417.wav,Disgusted
10418.wav,Neutral
10419.wav,Angry
10420.wav,Fearful
10421.wav,Neutral
10422.wav,Happy
10423.wav,Sad
10424.wav,Suprised
10425.wav,Angry
10426.wav,Neutral
10427.wav,Disgusted
10428.wav,Neutral
10429.wav,Neutral
10430.wav,Angry
10431.wav,Happy
10432.wav,Angry
10433.wav,Suprised
10434.wav,Fearful
10435.wav,Happy
10436.wav,Happy
10437.wav,Neutral
10438.wav,Happy
10439.wav,Angry
10440.wav,Sad
10441.wav,Angry
10442.wav,Angry
10443.wav,Sad
10444.wav,Neutral
10445.wav,Happy
10446.wav,Neutral
10447.wav,Neutral
10448.wav,Angry
10449.wav,Happy
10450.wav,Sad
10451.wav,Fearful
10452.wav,Sad
10453.wav,Sad
10454.wav,Neutral
10455.wav,Fearful
10456.wav,Neutral
10457.wav,Angry
10458.wav,Sad
10459.wav,Happy
10460.wav,Angry
10461.wav,Angry
10462.wav,Neutral
10463.wav,Neutral
10464.wav,Happy
10465.wav,Sad
10466.wav,Disgusted
10467.wav,Fearful
10468.wav,Happy
10469.wav,Angry
10470.wav,Fearful
10471.wav,Neutral
10472.wav,Happy
10473.wav,Fearful
10474.wav,Neutral
10475.wav,Neutral
10476.wav,Disgusted
10477.wav,Sad
10478.wav,Angry
10479.wav,Sad
10480.wav,Suprised
10481.wav,Angry
10482.wav,Sad
10483.wav,Fearful
10484.wav,Fearful
10485.wav,Sad
10486.wav,Disgusted
10487.wav,Fearful
10488.wav,Neutral
10489.wav,Angry
10490.wav,Disgusted
10491.wav,Happy
10492.wav,Sad
10493.wav,Fearful
10494.wav,Neutral
10495.wav,Disgusted
10496.wav,Angry
10497.wav,Neutral
10498.wav,Neutral
10499.wav,Angry
10500.wav,Fearful
10501.wav,Angry
10502.wav,Angry
10503.wav,Fearful
10504.wav,Happy
10505.wav,Neutral
10506.wav,Angry
10507.wav,Sad
10508.wav,Neutral
10509.wav,Neutral
10510.wav,Angry
10511.wav,Suprised
10512.wav,Disgusted
10513.wav,Disgusted
10514.wav,Neutral
10515.wav,Happy
10516.wav,Sad
10517.wav,Sad
10518.wav,Neutral
10519.wav,Angry
10520.wav,Happy
10521.wav,Fearful
10522.wav,Sad
10523.wav,Sad
10524.wav,Disgusted
10525.wav,Happy
10526.wav,Suprised
10527.wav,Angry
10528.wav,Happy
10529.wav,Happy
10530.wav,Angry
10531.wav,Angry
10532.wav,Neutral
10533.wav,Suprised
10534.wav,Suprised
10535.wav,Angry
10536.wav,Sad
10537.wav,Sad
10538.wav,Angry
10539.wav,Angry
10540.wav,Sad
10541.wav,Angry
10542.wav,Happy
10543.wav,Fearful
10544.wav,Neutral
10545.wav,Disgusted
10546.wav,Sad
10547.wav,Neutral
10548.wav,Happy
10549.wav,Sad
10550.wav,Angry
10551.wav,Happy
10552.wav,Neutral
10553.wav,Suprised
10554.wav,Happy
10555.wav,Neutral
10556.wav,Sad
10557.wav,Sad
10558.wav,Disgusted
10559.wav,Happy
10560.wav,Suprised
10561.wav,Happy
10562.wav,Sad
10563.wav,Suprised
10564.wav,Neutral
10565.wav,Angry
10566.wav,Neutral
10567.wav,Angry
10568.wav,Sad
10569.wav,Happy
10570.wav,Angry
10571.wav,Happy
10572.wav,Neutral
10573.wav,Happy
10574.wav,Disgusted
10575.wav,Fearful
10576.wav,Neutral
10577.wav,Sad
10578.wav,Sad
10579.wav,Happy
10580.wav,Sad
10581.wav,Neutral
10582.wav,Neutral
10583.wav,Neutral
10584.wav,Happy
10585.wav,Sad
10586.wav,Sad
10587.wav,Neutral
10588.wav,Sad
10589.wav,Sad
10590.wav,Sad
10591.wav,Neutral
10592.wav,Fearful
10593.wav,Happy
10594.wav,Fearful
10595.wav,Neutral
10596.wav,Happy
10597.wav,Sad
10598.wav,Angry
10599.wav,Angry
10600.wav,Sad
10601.wav,Sad
10602.wav,Disgusted
10603.wav,Angry
10604.wav,Sad
10605.wav,Sad
10606.wav,Sad
10607.wav,Disgusted
10608.wav,Happy
10609.wav,Sad
10610.wav,Suprised
10611.wav,Neutral
10612.wav,Neutral
10613.wav,Suprised
10614.wav,Fearful
10615.wav,Happy
10616.wav,Sad
10617.wav,Disgusted
10618.wav,Sad
10619.wav,Fearful
10620.wav,Disgusted
10621.wav,Angry
10622.wav,Sad
10623.wav,Sad
10624.wav,Sad
10625.wav,Sad
10626.wav,Angry
10627.wav,Angry
10628.wav,Fearful
10629.wav,Neutral
10630.wav,Sad
10631.wav,Angry
10632.wav,Angry
10633.wav,Angry
10634.wav,Happy
10635.wav,Happy
10636.wav,Disgusted
10637.wav,Sad
10638.wav,Happy
10639.wav,Sad
10640.wav,Sad
10641.wav,Neutral
10642.wav,Happy
10643.wav,Fearful
10644.wav,Angry
10645.wav,Fearful
10646.wav,Disgusted
10647.wav,Suprised
10648.wav,Neutral
10649.wav,Happy
10650.wav,Neutral
10651.wav,Angry
10652.wav,Fearful
10653.wav,Angry
10654.wav,Sad
10655.wav,Angry
10656.wav,Sad
10657.wav,Suprised
10658.wav,Fearful
10659.wav,Sad
10660.wav,Sad
10661.wav,Fearful
10662.wav,Sad
10663.wav,Fearful
10664.wav,Neutral
10665.wav,Neutral
10666.wav,Neutral
10667.wav,Happy
10668.wav,Sad
10669.wav,Angry
10670.wav,Sad
10671.wav,Disgusted
10672.wav,Neutral
10673.wav,Fearful
10674.wav,Sad
10675.wav,Happy
10676.wav,Sad
10677.wav,Angry
10678.wav,Suprised
10679.wav,Angry
10680.wav,Fearful
10681.wav,Happy
10682.wav,Happy
10683.wav,Angry
10684.wav,Neutral
10685.wav,Angry
10686.wav,Happy
10687.wav,Angry
10688.wav,Sad
10689.wav,Angry
10690.wav,Angry
10691.wav,Fearful
10692.wav,Suprised
10693.wav,Happy
10694.wav,Fearful
10695.wav,Sad
10696.wav,Sad
10697.wav,Happy
10698.wav,Sad
10699.wav,Angry
10700.wav,Neutral
10701.wav,Disgusted
10702.wav,Neutral
10703.wav,Sad
10704.wav,Angry
10705.wav,Sad
10706.wav,Disgusted
10707.wav,Angry
10708.wav,Fearful
10709.wav,Happy
10710.wav,Neutral
10711.wav,Sad
10712.wav,Disgusted
10713.wav,Fearful
10714.wav,Angry
10715.wav,Happy
10716.wav,Happy
10717.wav,Disgusted
10718.wav,Sad
10719.wav,Neutral
10720.wav,Neutral
10721.wav,Fearful
10722.wav,Neutral
10723.wav,Neutral
10724.wav,Neutral
10725.wav,Happy
10726.wav,Neutral
10727.wav,Happy
10728.wav,Disgusted
10729.wav,Disgusted
10730.wav,Neutral
10731.wav,Neutral
10732.wav,Happy
10733.wav,Angry
10734.wav,Happy
10735.wav,Sad
10736.wav,Angry
10737.wav,Happy
10738.wav,Suprised
10739.wav,Fearful
10740.wav,Neutral
10741.wav,Sad
10742.wav,Neutral
10743.wav,Neutral
10744.wav,Happy
10745.wav,Happy
10746.wav,Fearful
10747.wav,Angry
10748.wav,Fearful
10749.wav,Sad
10750.wav,Sad
10751.wav,Disgusted
10752.wav,Sad
10753.wav,Sad
10754.wav,Angry
10755.wav,Happy
10756.wav,Suprised
10757.wav,Fearful
10758.wav,Fearful
10759.wav,Disgusted
10760.wav,Happy
10761.wav,Sad
10762.wav,Fearful
10763.wav,Sad
10764.wav,Disgusted
10765.wav,Happy
10766.wav,Fearful
10767.wav,Sad
10768.wav,Sad
10769.wav,Sad
10770.wav,Happy
10771.wav,Fearful
10772.wav,Angry
10773.wav,Angry
10774.wav,Angry
10775.wav,Happy
10776.wav,Happy
10777.wav,Angry
10778.wav,Angry
10779.wav,Disgusted
10780.wav,Neutral
10781.wav,Happy
10782.wav,Happy
10783.wav,Disgusted
10784.wav,Suprised
10785.wav,Disgusted
10786.wav,Disgusted
10787.wav,Happy
10788.wav,Angry
10789.wav,Sad
10790.wav,Neutral
10791.wav,Happy
10792.wav,Neutral
10793.wav,Suprised
10794.wav,Neutral
10795.wav,Happy
10796.wav,Happy
10797.wav,Angry
10798.wav,Disgusted
10799.wav,Sad
10800.wav,Sad
10801.wav,Angry
10802.wav,Sad
10803.wav,Neutral
10804.wav,Suprised
10805.wav,Happy
10806.wav,Neutral
10807.wav,Sad
10808.wav,Sad
10809.wav,Sad
10810.wav,Neutral
10811.wav,Neutral
10812.wav,Disgusted
10813.wav,Angry
10814.wav,Fearful
10815.wav,Sad
10816.wav,Neutral
10817.wav,Fearful
10818.wav,Sad
10819.wav,Happy
10820.wav,Fearful
10821.wav,Neutral
10822.wav,Neutral
10823.wav,Angry
10824.wav,Neutral
10825.wav,Sad
10826.wav,Happy
10827.wav,Fearful
10828.wav,Sad
10829.wav,Happy
10830.wav,Happy
10831.wav,Sad
10832.wav,Neutral
10833.wav,Sad
10834.wav,Happy
10835.wav,Happy
10836.wav,Sad
10837.wav,Suprised
10838.wav,Disgusted
10839.wav,Angry
10840.wav,Fearful
10841.wav,Neutral
10842.wav,Fearful
10843.wav,Happy
10844.wav,Happy
10845.wav,Fearful
10846.wav,Sad
10847.wav,Angry
10848.wav,Sad
10849.wav,Sad
10850.wav,Fearful
10851.wav,Angry
10852.wav,Fearful
10853.wav,Sad
10854.wav,Neutral
10855.wav,Suprised
10856.wav,Happy
10857.wav,Disgusted
10858.wav,Sad
10859.wav,Suprised
10860.wav,Happy
10861.wav,Neutral
10862.wav,Angry
10863.wav,Neutral
10864.wav,Angry
10865.wav,Neutral
10866.wav,Sad
10867.wav,Neutral
10868.wav,Sad
10869.wav,Angry
10870.wav,Angry
10871.wav,Angry
10872.wav,Angry
10873.wav,Neutral
10874.wav,Angry
10875.wav,Disgusted
10876.wav,Sad
10877.wav,Disgusted
10878.wav,Suprised
10879.wav,Sad
10880.wav,Sad
10881.wav,Happy
10882.wav,Angry
10883.wav,Disgusted
10884.wav,Happy
10885.wav,Angry
10886.wav,Sad
10887.wav,Disgusted
10888.wav,Sad
10889.wav,Happy
10890.wav,Angry
10891.wav,Angry
10892.wav,Fearful
10893.wav,Fearful
10894.wav,Fearful
10895.wav,Sad
10896.wav,Neutral
10897.wav,Disgusted
10898.wav,Angry
10899.wav,Fearful
10900.wav,Sad
10901.wav,Happy
10902.wav,Sad
10903.wav,Angry
10904.wav,Angry
10905.wav,Sad
10906.wav,Sad
10907.wav,Sad
10908.wav,Happy
10909.wav,Neutral
10910.wav,Sad
10911.wav,Angry
10912.wav,Happy
10913.wav,Sad
10914.wav,Sad
10915.wav,Angry
10916.wav,Sad
10917.wav,Neutral
10918.wav,Happy
10919.wav,Fearful
10920.wav,Happy
10921.wav,Angry
10922.wav,Disgusted
10923.wav,Sad
10924.wav,Suprised
10925.wav,Neutral
10926.wav,Happy
10927.wav,Neutral
10928.wav,Fearful
10929.wav,Angry
10930.wav,Neutral
10931.wav,Neutral
10932.wav,Happy
10933.wav,Happy
10934.wav,Neutral
10935.wav,Happy
10936.wav,Happy
10937.wav,Happy
10938.wav,Neutral
10939.wav,Fearful
10940.wav,Disgusted
10941.wav,Sad
10942.wav,Neutral
10943.wav,Neutral
10944.wav,Sad
10945.wav,Neutral
10946.wav,Angry
10947.wav,Neutral
10948.wav,Fearful
10949.wav,Angry
10950.wav,Happy
10951.wav,Happy
10952.wav,Angry
10953.wav,Sad
10954.wav,Happy
10955.wav,Fearful
10956.wav,Angry
10957.wav,Angry
10958.wav,Angry
10959.wav,Neutral
10960.wav,Happy
10961.wav,Neutral
10962.wav,Disgusted
10963.wav,Sad
10964.wav,Neutral
10965.wav,Neutral
10966.wav,Angry
10967.wav,Neutral
10968.wav,Sad
10969.wav,Neutral
10970.wav,Neutral
10971.wav,Neutral
10972.wav,Sad
10973.wav,Neutral
10974.wav,Disgusted
10975.wav,Happy
10976.wav,Happy
10977.wav,Neutral
10978.wav,Sad
10979.wav,Sad
10980.wav,Happy
10981.wav,Angry
10982.wav,Happy
10983.wav,Neutral
10984.wav,Suprised
10985.wav,Neutral
10986.wav,Sad
10987.wav,Fearful
10988.wav,Disgusted
10989.wav,Happy
10990.wav,Fearful
10991.wav,Angry
10992.wav,Neutral
10993.wav,Sad
10994.wav,Neutral
10995.wav,Suprised
10996.wav,Angry
10997.wav,Disgusted
10998.wav,Sad
10999.wav,Disgusted
11000.wav,Neutral
11001.wav,Fearful
11002.wav,Fearful
11003.wav,Fearful
11004.wav,Sad
11005.wav,Fearful
11006.wav,Angry
11007.wav,Sad
11008.wav,Neutral
11009.wav,Suprised
11010.wav,Fearful
11011.wav,Angry
11012.wav,Neutral
11013.wav,Fearful
11014.wav,Neutral
11015.wav,Happy
11016.wav,Neutral
11017.wav,Neutral
11018.wav,Happy
11019.wav,Neutral
11020.wav,Angry
11021.wav,Happy
11022.wav,Neutral
11023.wav,Angry
11024.wav,Neutral
11025.wav,Suprised
11026.wav,Sad
11027.wav,Sad
11028.wav,Angry
11029.wav,Sad
11030.wav,Sad
11031.wav,Fearful
11032.wav,Neutral
11033.wav,Sad
11034.wav,Sad
11035.wav,Happy
11036.wav,Angry
11037.wav,Neutral
11038.wav,Happy
11039.wav,Disgusted
11040.wav,Disgusted
11041.wav,Neutral
11042.wav,Disgusted
11043.wav,Disgusted
11044.wav,Disgusted
11045.wav,Happy
11046.wav,Angry
11047.wav,Neutral
11048.wav,Fearful
11049.wav,Angry
11050.wav,Sad
11051.wav,Neutral
11052.wav,Disgusted
11053.wav,Suprised
11054.wav,Neutral
11055.wav,Happy
11056.wav,Happy
11057.wav,Angry
11058.wav,Happy
11059.wav,Neutral
11060.wav,Sad
11061.wav,Fearful
11062.wav,Angry
11063.wav,Neutral
11064.wav,Disgusted
11065.wav,Happy
11066.wav,Disgusted
11067.wav,Neutral
11068.wav,Sad
11069.wav,Disgusted
11070.wav,Angry
11071.wav,Angry
11072.wav,Neutral
11073.wav,Disgusted
11074.wav,Neutral
11075.wav,Angry
11076.wav,Suprised
11077.wav,Fearful
11078.wav,Sad
11079.wav,Fearful
11080.wav,Angry
11081.wav,Happy
11082.wav,Fearful
11083.wav,Neutral
11084.wav,Sad
11085.wav,Disgusted
11086.wav,Sad
11087.wav,Disgusted
11088.wav,Angry
11089.wav,Fearful
11090.wav,Angry
11091.wav,Sad
11092.wav,Disgusted
11093.wav,Happy
11094.wav,Suprised
11095.wav,Angry
11096.wav,Fearful
11097.wav,Fearful
11098.wav,Happy
11099.wav,Sad
11100.wav,Sad
11101.wav,Happy
11102.wav,Sad
11103.wav,Sad
11104.wav,Angry
11105.wav,Happy
11106.wav,Happy
11107.wav,Neutral
11108.wav,Disgusted
11109.wav,Sad
11110.wav,Angry
11111.wav,Suprised
11112.wav,Fearful
11113.wav,Disgusted
11114.wav,Angry
11115.wav,Happy
11116.wav,Neutral
11117.wav,Sad
11118.wav,Sad
11119.wav,Fearful
11120.wav,Fearful
11121.wav,Sad
11122.wav,Disgusted
11123.wav,Disgusted
11124.wav,Neutral
11125.wav,Disgusted
11126.wav,Neutral
11127.wav,Angry
11128.wav,Sad
11129.wav,Sad
11130.wav,Neutral
11131.wav,Angry
11132.wav,Sad
11133.wav,Sad
11134.wav,Happy
11135.wav,Sad
11136.wav,Neutral
11137.wav,Fearful
11138.wav,Sad
11139.wav,Neutral
11140.wav,Neutral
11141.wav,Sad
11142.wav,Neutral
11143.wav,Happy
11144.wav,Disgusted
11145.wav,Sad
11146.wav,Disgusted
11147.wav,Fearful
11148.wav,Angry
11149.wav,Disgusted
11150.wav,Angry
11151.wav,Disgusted
11152.wav,Happy
11153.wav,Disgusted
11154.wav,Neutral
11155.wav,Sad
11156.wav,Angry
11157.wav,Angry
11158.wav,Angry
11159.wav,Sad
11160.wav,Happy
11161.wav,Angry
11162.wav,Sad
11163.wav,Happy
11164.wav,Happy
11165.wav,Happy
11166.wav,Sad
11167.wav,Sad
11168.wav,Sad
11169.wav,Angry
11170.wav,Happy
11171.wav,Neutral
11172.wav,Angry
11173.wav,Disgusted
11174.wav,Neutral
11175.wav,Sad
11176.wav,Neutral
11177.wav,Disgusted
11178.wav,Angry
11179.wav,Neutral
11180.wav,Sad
11181.wav,Angry
11182.wav,Sad
11183.wav,Fearful
11184.wav,Happy
11185.wav,Angry
11186.wav,Sad
11187.wav,Neutral
11188.wav,Angry
11189.wav,Sad
11190.wav,Suprised
11191.wav,Disgusted
11192.wav,Angry
11193.wav,Sad
11194.wav,Happy
11195.wav,Fearful
11196.wav,Neutral
11197.wav,Happy
11198.wav,Happy
11199.wav,Angry
11200.wav,Disgusted
11201.wav,Neutral
11202.wav,Sad
11203.wav,Fearful
11204.wav,Happy
11205.wav,Angry
11206.wav,Disgusted
11207.wav,Happy
11208.wav,Fearful
11209.wav,Happy
11210.wav,Disgusted
11211.wav,Happy
11212.wav,Neutral
11213.wav,Happy
11214.wav,Neutral
11215.wav,Angry
11216.wav,Angry
11217.wav,Sad
11218.wav,Happy
11219.wav,Happy
11220.wav,Fearful
11221.wav,Fearful
11222.wav,Sad
11223.wav,Happy
11224.wav,Angry
11225.wav,Sad
11226.wav,Angry
11227.wav,Angry
11228.wav,Suprised
11229.wav,Happy
11230.wav,Suprised
11231.wav,Angry
11232.wav,Angry
11233.wav,Neutral
11234.wav,Angry
11235.wav,Sad
11236.wav,Fearful
11237.wav,Happy
11238.wav,Fearful
11239.wav,Fearful
11240.wav,Fearful
11241.wav,Fearful
11242.wav,Suprised
11243.wav,Angry
11244.wav,Angry
11245.wav,Neutral
11246.wav,Angry
11247.wav,Fearful
11248.wav,Angry
11249.wav,Sad
11250.wav,Angry
11251.wav,Angry
11252.wav,Angry
11253.wav,Sad
11254.wav,Sad
11255.wav,Sad
11256.wav,Happy
11257.wav,Sad
11258.wav,Angry
11259.wav,Angry
11260.wav,Fearful
11261.wav,Happy
11262.wav,Happy
11263.wav,Sad
11264.wav,Happy
11265.wav,Angry
11266.wav,Suprised
11267.wav,Angry
11268.wav,Neutral
11269.wav,Sad
11270.wav,Sad
11271.wav,Disgusted
11272.wav,Angry
11273.wav,Neutral
11274.wav,Sad
11275.wav,Disgusted
11276.wav,Happy
11277.wav,Disgusted
11278.wav,Sad
11279.wav,Happy
11280.wav,Happy
11281.wav,Sad
11282.wav,Sad
11283.wav,Suprised
11284.wav,Sad
11285.wav,Disgusted
11286.wav,Angry
11287.wav,Sad
11288.wav,Sad
11289.wav,Happy
11290.wav,Fearful
11291.wav,Sad
11292.wav,Sad
11293.wav,Angry
11294.wav,Fearful
11295.wav,Sad
11296.wav,Sad
11297.wav,Fearful
11298.wav,Neutral
11299.wav,Happy
11300.wav,Sad
11301.wav,Angry
11302.wav,Sad
11303.wav,Angry
11304.wav,Neutral
11305.wav,Neutral
11306.wav,Disgusted
11307.wav,Neutral
11308.wav,Sad
11309.wav,Happy
11310.wav,Fearful
11311.wav,Angry
11312.wav,Disgusted
11313.wav,Neutral
11314.wav,Happy
11315.wav,Neutral
11316.wav,Angry
11317.wav,Angry
11318.wav,Fearful
11319.wav,Neutral
11320.wav,Sad
11321.wav,Neutral
11322.wav,Angry
11323.wav,Disgusted
11324.wav,Disgusted
11325.wav,Angry
11326.wav,Happy
11327.wav,Happy
11328.wav,Angry
11329.wav,Fearful
11330.wav,Suprised
11331.wav,Happy
11332.wav,Angry
11333.wav,Happy
11334.wav,Suprised
11335.wav,Neutral
11336.wav,Happy
11337.wav,Angry
11338.wav,Fearful
11339.wav,Angry
11340.wav,Sad
11341.wav,Disgusted
11342.wav,Sad
11343.wav,Fearful
11344.wav,Angry
11345.wav,Sad
11346.wav,Happy
11347.wav,Fearful
11348.wav,Disgusted
11349.wav,Neutral
11350.wav,Happy
11351.wav,Disgusted
11352.wav,Sad
11353.wav,Happy
11354.wav,Happy
11355.wav,Happy
11356.wav,Fearful
11357.wav,Sad
11358.wav,Neutral
11359.wav,Angry
11360.wav,Angry
11361.wav,Neutral
11362.wav,Neutral
11363.wav,Disgusted
11364.wav,Sad
11365.wav,Angry
11366.wav,Angry
11367.wav,Happy
11368.wav,Sad
11369.wav,Neutral
11370.wav,Angry
11371.wav,Happy
11372.wav,Fearful
11373.wav,Fearful
11374.wav,Sad
11375.wav,Suprised
11376.wav,Happy
11377.wav,Sad
11378.wav,Disgusted
11379.wav,Neutral
11380.wav,Sad
11381.wav,Happy
11382.wav,Happy
11383.wav,Disgusted
11384.wav,Sad
11385.wav,Fearful
11386.wav,Sad
11387.wav,Suprised
11388.wav,Neutral
11389.wav,Sad
11390.wav,Angry
11391.wav,Happy
11392.wav,Angry
11393.wav,Suprised
11394.wav,Sad
11395.wav,Disgusted
11396.wav,Happy
11397.wav,Neutral
11398.wav,Sad
11399.wav,Neutral
11400.wav,Sad
11401.wav,Sad
11402.wav,Angry
11403.wav,Angry
11404.wav,Sad
11405.wav,Sad
11406.wav,Neutral
11407.wav,Sad
11408.wav,Suprised
11409.wav,Neutral
11410.wav,Neutral
11411.wav,Neutral
11412.wav,Angry
11413.wav,Fearful
11414.wav,Sad
11415.wav,Sad
11416.wav,Neutral
11417.wav,Sad
11418.wav,Disgusted
11419.wav,Happy
11420.wav,Neutral
11421.wav,Neutral
11422.wav,Fearful
11423.wav,Fearful
11424.wav,Angry
11425.wav,Neutral
11426.wav,Fearful
11427.wav,Happy
11428.wav,Angry
11429.wav,Sad
11430.wav,Angry
11431.wav,Neutral
11432.wav,Sad
11433.wav,Disgusted
11434.wav,Angry
11435.wav,Happy
11436.wav,Sad
11437.wav,Sad
11438.wav,Angry
11439.wav,Neutral
11440.wav,Neutral
11441.wav,Angry
11442.wav,Suprised
11443.wav,Fearful
11444.wav,Sad
11445.wav,Angry
11446.wav,Angry
11447.wav,Angry
11448.wav,Angry
11449.wav,Happy
11450.wav,Disgusted
11451.wav,Fearful
11452.wav,Happy
11453.wav,Happy
11454.wav,Happy
11455.wav,Fearful
11456.wav,Neutral
11457.wav,Happy
11458.wav,Disgusted
11459.wav,Angry
11460.wav,Sad
11461.wav,Neutral
11462.wav,Neutral
11463.wav,Happy
11464.wav,Suprised
11465.wav,Neutral
11466.wav,Disgusted
11467.wav,Sad
11468.wav,Angry
11469.wav,Happy
11470.wav,Happy
11471.wav,Sad
11472.wav,Angry
11473.wav,Happy
11474.wav,Angry
11475.wav,Happy
11476.wav,Happy
11477.wav,Angry
11478.wav,Happy
11479.wav,Angry
11480.wav,Happy
11481.wav,Sad
11482.wav,Neutral
11483.wav,Fearful
11484.wav,Suprised
11485.wav,Angry
11486.wav,Disgusted
11487.wav,Neutral
11488.wav,Angry
11489.wav,Happy
11490.wav,Disgusted
11491.wav,Suprised
11492.wav,Disgusted
11493.wav,Happy
11494.wav,Sad
11495.wav,Happy
11496.wav,Angry
11497.wav,Disgusted
11498.wav,Angry
11499.wav,Neutral
11500.wav,Sad
11501.wav,Angry
11502.wav,Suprised
11503.wav,Sad
11504.wav,Fearful
11505.wav,Happy
11506.wav,Fearful
11507.wav,Sad
11508.wav,Happy
11509.wav,Happy
11510.wav,Happy
11511.wav,Suprised
11512.wav,Neutral
11513.wav,Happy
11514.wav,Sad
11515.wav,Sad
11516.wav,Angry
11517.wav,Neutral
11518.wav,Neutral
11519.wav,Angry
11520.wav,Happy
11521.wav,Happy
11522.wav,Happy
11523.wav,Neutral
11524.wav,Disgusted
11525.wav,Neutral
11526.wav,Sad
11527.wav,Fearful
11528.wav,Fearful
11529.wav,Sad
11530.wav,Sad
11531.wav,Angry
11532.wav,Sad
11533.wav,Disgusted
11534.wav,Sad
11535.wav,Sad
11536.wav,Fearful
11537.wav,Fearful
11538.wav,Happy
11539.wav,Angry
11540.wav,Neutral
11541.wav,Sad
11542.wav,Sad
11543.wav,Sad
11544.wav,Happy
11545.wav,Fearful
11546.wav,Neutral
11547.wav,Fearful
11548.wav,Neutral
11549.wav,Suprised
11550.wav,Happy
11551.wav,Sad
11552.wav,Happy
11553.wav,Fearful
11554.wav,Fearful
11555.wav,Disgusted
11556.wav,Angry
11557.wav,Fearful
11558.wav,Sad
11559.wav,Neutral
11560.wav,Sad
11561.wav,Neutral
11562.wav,Neutral
11563.wav,Sad
11564.wav,Happy
11565.wav,Happy
11566.wav,Sad
11567.wav,Disgusted
11568.wav,Sad
11569.wav,Sad
11570.wav,Sad
11571.wav,Neutral
11572.wav,Sad
11573.wav,Happy
11574.wav,Disgusted
11575.wav,Happy
11576.wav,Disgusted
11577.wav,Sad
11578.wav,Sad
11579.wav,Happy
11580.wav,Happy
11581.wav,Happy
11582.wav,Angry
11583.wav,Angry
11584.wav,Disgusted
11585.wav,Sad
11586.wav,Neutral
11587.wav,Suprised
11588.wav,Fearful
11589.wav,Angry
11590.wav,Sad
11591.wav,Sad
11592.wav,Neutral
11593.wav,Happy
11594.wav,Fearful
11595.wav,Fearful
11596.wav,Disgusted
11597.wav,Happy
11598.wav,Fearful
11599.wav,Happy
11600.wav,Disgusted
11601.wav,Happy
11602.wav,Happy
11603.wav,Neutral
11604.wav,Sad
11605.wav,Neutral
11606.wav,Neutral
11607.wav,Sad
11608.wav,Disgusted
11609.wav,Neutral
11610.wav,Happy
11611.wav,Angry
11612.wav,Fearful
11613.wav,Angry
11614.wav,Happy
11615.wav,Happy
11616.wav,Sad
11617.wav,Sad
11618.wav,Sad
11619.wav,Neutral
11620.wav,Sad
11621.wav,Disgusted
11622.wav,Sad
11623.wav,Fearful
11624.wav,Sad
11625.wav,Happy
11626.wav,Angry
11627.wav,Sad
11628.wav,Fearful
11629.wav,Neutral
11630.wav,Neutral
11631.wav,Happy
11632.wav,Neutral
11633.wav,Disgusted
11634.wav,Happy
11635.wav,Fearful
11636.wav,Sad
11637.wav,Sad
11638.wav,Sad
11639.wav,Angry
11640.wav,Sad
11641.wav,Happy
11642.wav,Neutral
11643.wav,Sad
11644.wav,Disgusted
11645.wav,Happy
11646.wav,Fearful
11647.wav,Sad
11648.wav,Sad
11649.wav,Happy
11650.wav,Neutral
11651.wav,Neutral
11652.wav,Happy
11653.wav,Sad
11654.wav,Angry
11655.wav,Suprised
11656.wav,Neutral
11657.wav,Angry
11658.wav,Angry
11659.wav,Disgusted
11660.wav,Sad
11661.wav,Happy
11662.wav,Angry
11663.wav,Neutral
11664.wav,Fearful
11665.wav,Happy
11666.wav,Angry
11667.wav,Happy
11668.wav,Sad
11669.wav,Angry
11670.wav,Happy
11671.wav,Sad
11672.wav,Happy
11673.wav,Fearful
11674.wav,Happy
11675.wav,Happy
11676.wav,Sad
11677.wav,Neutral
11678.wav,Happy
11679.wav,Sad
11680.wav,Angry
11681.wav,Neutral
11682.wav,Neutral
11683.wav,Sad
11684.wav,Angry
11685.wav,Neutral
11686.wav,Suprised
11687.wav,Happy
11688.wav,Happy
11689.wav,Neutral
11690.wav,Fearful
11691.wav,Sad
11692.wav,Angry
11693.wav,Happy
11694.wav,Suprised
11695.wav,Neutral
11696.wav,Sad
11697.wav,Angry
11698.wav,Sad
11699.wav,Angry
11700.wav,Fearful
11701.wav,Neutral
11702.wav,Sad
11703.wav,Suprised
11704.wav,Angry
11705.wav,Sad
11706.wav,Disgusted
11707.wav,Happy
11708.wav,Angry
11709.wav,Happy
11710.wav,Fearful
11711.wav,Sad
11712.wav,Suprised
11713.wav,Happy
11714.wav,Happy
11715.wav,Fearful
11716.wav,Disgusted
11717.wav,Angry
11718.wav,Happy
11719.wav,Neutral
11720.wav,Happy
11721.wav,Happy
11722.wav,Happy
11723.wav,Neutral
11724.wav,Disgusted
11725.wav,Fearful
11726.wav,Suprised
11727.wav,Angry
11728.wav,Fearful
11729.wav,Disgusted
11730.wav,Suprised
11731.wav,Happy
11732.wav,Angry
11733.wav,Happy
11734.wav,Neutral
11735.wav,Angry
11736.wav,Sad
11737.wav,Angry
11738.wav,Neutral
11739.wav,Happy
11740.wav,Disgusted
11741.wav,Happy
11742.wav,Angry
11743.wav,Neutral
11744.wav,Sad
11745.wav,Happy
11746.wav,Angry
11747.wav,Fearful
11748.wav,Fearful
11749.wav,Angry
11750.wav,Suprised
11751.wav,Sad
11752.wav,Sad
11753.wav,Angry
11754.wav,Suprised
11755.wav,Angry
11756.wav,Angry
11757.wav,Happy
11758.wav,Fearful
11759.wav,Neutral
11760.wav,Angry
11761.wav,Disgusted
11762.wav,Disgusted
11763.wav,Angry
11764.wav,Sad
11765.wav,Happy
11766.wav,Neutral
11767.wav,Neutral
11768.wav,Fearful
11769.wav,Angry
11770.wav,Sad
11771.wav,Disgusted
11772.wav,Angry
11773.wav,Disgusted
11774.wav,Angry
11775.wav,Happy
11776.wav,Sad
11777.wav,Happy
11778.wav,Happy
11779.wav,Disgusted
11780.wav,Angry
11781.wav,Suprised
11782.wav,Fearful
11783.wav,Sad
11784.wav,Happy
11785.wav,Neutral
11786.wav,Sad
11787.wav,Sad
11788.wav,Angry
11789.wav,Sad
11790.wav,Happy
11791.wav,Fearful
11792.wav,Neutral
11793.wav,Angry
11794.wav,Happy
11795.wav,Neutral
11796.wav,Angry
11797.wav,Neutral
11798.wav,Suprised
11799.wav,Disgusted
11800.wav,Suprised
11801.wav,Angry
11802.wav,Happy
11803.wav,Fearful
11804.wav,Suprised
11805.wav,Sad
11806.wav,Neutral
11807.wav,Neutral
11808.wav,Sad
11809.wav,Neutral
11810.wav,Disgusted
11811.wav,Suprised
11812.wav,Angry
11813.wav,Happy
11814.wav,Angry
11815.wav,Angry
11816.wav,Happy
11817.wav,Angry
11818.wav,Sad
11819.wav,Neutral
11820.wav,Happy
11821.wav,Sad
11822.wav,Fearful
11823.wav,Sad
11824.wav,Angry
11825.wav,Happy
11826.wav,Happy
11827.wav,Angry
11828.wav,Happy
11829.wav,Angry
11830.wav,Angry
11831.wav,Happy
11832.wav,Happy
11833.wav,Disgusted
11834.wav,Neutral
11835.wav,Angry
11836.wav,Sad
11837.wav,Sad
11838.wav,Disgusted
11839.wav,Neutral
11840.wav,Happy
11841.wav,Angry
11842.wav,Suprised
11843.wav,Sad
11844.wav,Fearful
11845.wav,Happy
11846.wav,Angry
11847.wav,Angry
11848.wav,Happy
11849.wav,Sad
11850.wav,Fearful
11851.wav,Angry
11852.wav,Angry
11853.wav,Happy
11854.wav,Angry
11855.wav,Suprised
11856.wav,Fearful
11857.wav,Angry
11858.wav,Angry
11859.wav,Fearful
11860.wav,Happy
11861.wav,Fearful
11862.wav,Happy
11863.wav,Sad
11864.wav,Neutral
11865.wav,Disgusted
11866.wav,Angry
11867.wav,Disgusted
11868.wav,Sad
11869.wav,Happy
11870.wav,Disgusted
11871.wav,Happy
11872.wav,Disgusted
11873.wav,Angry
11874.wav,Angry
11875.wav,Disgusted
11876.wav,Disgusted
11877.wav,Neutral
11878.wav,Angry
11879.wav,Neutral
11880.wav,Disgusted
11881.wav,Angry
11882.wav,Disgusted
11883.wav,Angry
11884.wav,Fearful
11885.wav,Angry
11886.wav,Neutral
11887.wav,Fearful
11888.wav,Disgusted
11889.wav,Neutral
11890.wav,Angry
11891.wav,Happy
11892.wav,Neutral
11893.wav,Neutral
11894.wav,Sad
11895.wav,Disgusted
11896.wav,Sad
11897.wav,Happy
11898.wav,Angry
11899.wav,Happy
11900.wav,Angry
11901.wav,Fearful
11902.wav,Neutral
11903.wav,Happy
11904.wav,Angry
11905.wav,Sad
11906.wav,Disgusted
11907.wav,Fearful
11908.wav,Neutral
11909.wav,Neutral
11910.wav,Sad
11911.wav,Sad
11912.wav,Sad
11913.wav,Sad
11914.wav,Happy
11915.wav,Suprised
11916.wav,Angry
11917.wav,Sad
11918.wav,Sad
11919.wav,Angry
11920.wav,Sad
11921.wav,Happy
11922.wav,Disgusted
11923.wav,Neutral
11924.wav,Fearful
11925.wav,Sad
11926.wav,Happy
11927.wav,Happy
11928.wav,Angry
11929.wav,Angry
11930.wav,Neutral
11931.wav,Sad
11932.wav,Happy
11933.wav,Happy
11934.wav,Neutral
11935.wav,Sad
11936.wav,Happy
11937.wav,Happy
11938.wav,Disgusted
11939.wav,Happy
11940.wav,Sad
11941.wav,Sad
11942.wav,Neutral
11943.wav,Fearful
11944.wav,Angry
11945.wav,Fearful
11946.wav,Disgusted
11947.wav,Sad
11948.wav,Happy
11949.wav,Sad
11950.wav,Angry
11951.wav,Neutral
11952.wav,Fearful
11953.wav,Fearful
11954.wav,Disgusted
11955.wav,Angry
11956.wav,Angry
11957.wav,Sad
11958.wav,Neutral
11959.wav,Disgusted
11960.wav,Sad
11961.wav,Angry
11962.wav,Happy
11963.wav,Happy
11964.wav,Fearful
11965.wav,Suprised
11966.wav,Happy
11967.wav,Angry
11968.wav,Happy
11969.wav,Sad
11970.wav,Sad
11971.wav,Happy
11972.wav,Sad
11973.wav,Fearful
11974.wav,Fearful
11975.wav,Angry
11976.wav,Angry
11977.wav,Angry
11978.wav,Sad
11979.wav,Neutral
11980.wav,Sad
11981.wav,Fearful
11982.wav,Happy
11983.wav,Happy
11984.wav,Suprised
11985.wav,Happy
11986.wav,Disgusted
11987.wav,Happy
11988.wav,Angry
11989.wav,Happy
11990.wav,Disgusted
11991.wav,Sad
11992.wav,Sad
11993.wav,Happy
11994.wav,Angry
11995.wav,Fearful
11996.wav,Neutral
11997.wav,Neutral
11998.wav,Angry
11999.wav,Happy
12000.wav,Happy
12001.wav,Fearful
12002.wav,Sad
12003.wav,Happy
12004.wav,Happy
12005.wav,Happy
12006.wav,Sad
12007.wav,Happy
12008.wav,Fearful
12009.wav,Happy
12010.wav,Disgusted
12011.wav,Angry
12012.wav,Disgusted
12013.wav,Angry
12014.wav,Angry
12015.wav,Fearful
12016.wav,Angry
12017.wav,Neutral
12018.wav,Neutral
12019.wav,Angry
12020.wav,Happy
12021.wav,Neutral
12022.wav,Disgusted
12023.wav,Happy
12024.wav,Sad
12025.wav,Happy
12026.wav,Disgusted
12027.wav,Sad
12028.wav,Fearful
12029.wav,Disgusted
12030.wav,Angry
12031.wav,Suprised
12032.wav,Happy
12033.wav,Sad
12034.wav,Happy
12035.wav,Angry
12036.wav,Angry
12037.wav,Sad
12038.wav,Happy
12039.wav,Fearful
12040.wav,Suprised
12041.wav,Suprised
12042.wav,Fearful
12043.wav,Happy
12044.wav,Happy
12045.wav,Happy
12046.wav,Disgusted
12047.wav,Sad
12048.wav,Happy
12049.wav,Happy
12050.wav,Angry
12051.wav,Suprised
12052.wav,Neutral
12053.wav,Sad
12054.wav,Disgusted
12055.wav,Fearful
12056.wav,Disgusted
12057.wav,Sad
12058.wav,Sad
12059.wav,Sad
12060.wav,Sad
12061.wav,Happy
12062.wav,Angry
12063.wav,Neutral
12064.wav,Neutral
12065.wav,Angry
12066.wav,Angry
12067.wav,Happy
12068.wav,Fearful
12069.wav,Disgusted
12070.wav,Sad
12071.wav,Sad
12072.wav,Angry
12073.wav,Happy
12074.wav,Angry
12075.wav,Neutral
12076.wav,Angry
12077.wav,Neutral
12078.wav,Neutral
12079.wav,Neutral
12080.wav,Fearful
12081.wav,Happy
12082.wav,Neutral
12083.wav,Disgusted
12084.wav,Angry
12085.wav,Angry
12086.wav,Happy
12087.wav,Happy
12088.wav,Disgusted
12089.wav,Neutral
12090.wav,Happy
12091.wav,Happy
12092.wav,Angry
12093.wav,Sad
12094.wav,Sad
12095.wav,Angry
12096.wav,Angry
12097.wav,Happy
12098.wav,Suprised
12099.wav,Angry
12100.wav,Sad
12101.wav,Angry
12102.wav,Sad
12103.wav,Fearful
12104.wav,Neutral
12105.wav,Sad
12106.wav,Angry
12107.wav,Happy
12108.wav,Fearful
12109.wav,Suprised
12110.wav,Neutral
12111.wav,Angry
12112.wav,Disgusted
12113.wav,Angry
12114.wav,Angry
12115.wav,Sad
12116.wav,Neutral
12117.wav,Happy
12118.wav,Sad
12119.wav,Angry
12120.wav,Fearful
12121.wav,Happy
12122.wav,Disgusted
12123.wav,Suprised
12124.wav,Happy
12125.wav,Happy
12126.wav,Happy
12127.wav,Happy
12128.wav,Fearful
12129.wav,Angry
12130.wav,Disgusted
12131.wav,Angry
12132.wav,Happy
12133.wav,Disgusted
12134.wav,Happy
12135.wav,Disgusted
12136.wav,Happy
12137.wav,Sad
12138.wav,Fearful
12139.wav,Neutral
12140.wav,Disgusted
12141.wav,Disgusted
12142.wav,Angry
12143.wav,Happy
12144.wav,Neutral
12145.wav,Happy
12146.wav,Disgusted
12147.wav,Neutral
12148.wav,Sad
12149.wav,Angry
12150.wav,Sad
12151.wav,Fearful
12152.wav,Disgusted
12153.wav,Happy
12154.wav,Disgusted
12155.wav,Happy
12156.wav,Sad
12157.wav,Angry
12158.wav,Sad
12159.wav,Disgusted
12160.wav,Neutral
12161.wav,Neutral
12162.wav,Angry
12163.wav,Sad
12164.wav,Sad
12165.wav,Sad
12166.wav,Fearful
12167.wav,Happy
12168.wav,Sad
12169.wav,Sad
12170.wav,Sad
12171.wav,Sad
12172.wav,Sad
12173.wav,Angry
12174.wav,Neutral
12175.wav,Sad
12176.wav,Neutral
12177.wav,Neutral
12178.wav,Angry
12179.wav,Disgusted
12180.wav,Angry
12181.wav,Happy
12182.wav,Sad
12183.wav,Disgusted
12184.wav,Suprised
12185.wav,Sad
12186.wav,Neutral
12187.wav,Happy
12188.wav,Sad
12189.wav,Sad
12190.wav,Angry
12191.wav,Angry
12192.wav,Disgusted
12193.wav,Fearful
12194.wav,Neutral
12195.wav,Angry
12196.wav,Sad
12197.wav,Angry
12198.wav,Sad
12199.wav,Angry
12200.wav,Sad
12201.wav,Angry
12202.wav,Suprised
12203.wav,Disgusted
12204.wav,Sad
12205.wav,Angry
12206.wav,Neutral
12207.wav,Happy
12208.wav,Angry
12209.wav,Fearful
12210.wav,Sad
12211.wav,Disgusted
12212.wav,Happy
12213.wav,Suprised
12214.wav,Happy
12215.wav,Sad
12216.wav,Disgusted
12217.wav,Neutral
12218.wav,Angry
12219.wav,Neutral
12220.wav,Angry
12221.wav,Neutral
12222.wav,Happy
12223.wav,Neutral
12224.wav,Happy
12225.wav,Happy
12226.wav,Sad
12227.wav,Angry
12228.wav,Neutral
12229.wav,Fearful
12230.wav,Angry
12231.wav,Sad
12232.wav,Fearful
12233.wav,Happy
12234.wav,Happy
12235.wav,Sad
12236.wav,Angry
12237.wav,Happy
12238.wav,Happy
12239.wav,Sad
12240.wav,Sad
12241.wav,Neutral
12242.wav,Sad
12243.wav,Angry
12244.wav,Happy
12245.wav,Angry
12246.wav,Angry
12247.wav,Sad
12248.wav,Sad
12249.wav,Happy
12250.wav,Sad
12251.wav,Neutral
12252.wav,Disgusted
12253.wav,Happy
12254.wav,Angry
12255.wav,Fearful
12256.wav,Disgusted
12257.wav,Suprised
12258.wav,Sad
12259.wav,Fearful
12260.wav,Sad
12261.wav,Disgusted
12262.wav,Happy
12263.wav,Angry
12264.wav,Angry
12265.wav,Angry
12266.wav,Happy
12267.wav,Fearful
12268.wav,Disgusted
12269.wav,Happy
12270.wav,Neutral
12271.wav,Neutral
12272.wav,Sad
12273.wav,Angry
12274.wav,Sad
12275.wav,Sad
12276.wav,Fearful
12277.wav,Neutral
12278.wav,Fearful
12279.wav,Sad
12280.wav,Angry
12281.wav,Disgusted
12282.wav,Angry
12283.wav,Sad
12284.wav,Happy
12285.wav,Neutral
12286.wav,Happy
12287.wav,Angry
12288.wav,Happy
12289.wav,Fearful
12290.wav,Suprised
12291.wav,Sad
12292.wav,Disgusted
12293.wav,Disgusted
12294.wav,Disgusted
12295.wav,Angry
12296.wav,Happy
12297.wav,Angry
12298.wav,Neutral
12299.wav,Disgusted
12300.wav,Disgusted
12301.wav,Sad
12302.wav,Happy
12303.wav,Sad
12304.wav,Sad
12305.wav,Angry
12306.wav,Neutral
12307.wav,Angry
12308.wav,Fearful
12309.wav,Angry
12310.wav,Fearful
12311.wav,Sad
12312.wav,Angry
12313.wav,Sad
12314.wav,Neutral
12315.wav,Happy
12316.wav,Disgusted
12317.wav,Angry
12318.wav,Neutral
12319.wav,Neutral
12320.wav,Angry
12321.wav,Angry
12322.wav,Happy
12323.wav,Suprised
12324.wav,Suprised
12325.wav,Happy
12326.wav,Sad
12327.wav,Angry
12328.wav,Fearful
12329.wav,Happy
12330.wav,Happy
12331.wav,Neutral
12332.wav,Neutral
12333.wav,Happy
12334.wav,Angry
12335.wav,Disgusted
12336.wav,Happy
12337.wav,Angry
12338.wav,Disgusted
12339.wav,Sad
12340.wav,Angry
12341.wav,Happy
12342.wav,Angry
12343.wav,Fearful
12344.wav,Fearful
12345.wav,Sad
12346.wav,Suprised
12347.wav,Neutral
12348.wav,Neutral
12349.wav,Suprised
12350.wav,Disgusted
12351.wav,Happy
12352.wav,Happy
12353.wav,Angry
12354.wav,Sad
12355.wav,Disgusted
12356.wav,Neutral
12357.wav,Sad
12358.wav,Fearful
12359.wav,Disgusted
12360.wav,Angry
12361.wav,Sad
12362.wav,Angry
12363.wav,Sad
12364.wav,Angry
12365.wav,Angry
12366.wav,Fearful
12367.wav,Angry
12368.wav,Happy
12369.wav,Happy
12370.wav,Neutral
12371.wav,Happy
12372.wav,Happy
12373.wav,Disgusted
12374.wav,Angry
12375.wav,Happy
12376.wav,Suprised
12377.wav,Neutral
12378.wav,Neutral
12379.wav,Neutral
12380.wav,Neutral
12381.wav,Fearful
12382.wav,Happy
12383.wav,Sad
12384.wav,Fearful
12385.wav,Disgusted
12386.wav,Angry
12387.wav,Angry
12388.wav,Angry
12389.wav,Neutral
12390.wav,Happy
12391.wav,Disgusted
12392.wav,Disgusted
12393.wav,Happy
12394.wav,Neutral
12395.wav,Neutral
12396.wav,Neutral
12397.wav,Angry
12398.wav,Neutral
12399.wav,Neutral
12400.wav,Neutral
12401.wav,Fearful
12402.wav,Disgusted
12403.wav,Suprised
12404.wav,Fearful
12405.wav,Disgusted
12406.wav,Happy
12407.wav,Angry
12408.wav,Sad
12409.wav,Neutral
12410.wav,Happy
12411.wav,Happy
12412.wav,Suprised
12413.wav,Neutral
12414.wav,Fearful
12415.wav,Angry
12416.wav,Sad
12417.wav,Suprised
12418.wav,Angry
12419.wav,Fearful
12420.wav,Happy
12421.wav,Angry
12422.wav,Angry
12423.wav,Suprised
12424.wav,Neutral
12425.wav,Fearful
12426.wav,Sad
12427.wav,Angry
12428.wav,Neutral
12429.wav,Sad
12430.wav,Sad
12431.wav,Angry
12432.wav,Angry
12433.wav,Fearful
12434.wav,Disgusted
12435.wav,Happy
12436.wav,Happy
12437.wav,Sad
12438.wav,Neutral
12439.wav,Sad
12440.wav,Fearful
12441.wav,Happy
12442.wav,Neutral
12443.wav,Disgusted
12444.wav,Fearful
12445.wav,Sad
12446.wav,Disgusted
12447.wav,Fearful
12448.wav,Happy
12449.wav,Angry
12450.wav,Sad
12451.wav,Neutral
12452.wav,Happy
12453.wav,Suprised
12454.wav,Angry
12455.wav,Neutral
12456.wav,Sad
12457.wav,Angry
12458.wav,Sad
12459.wav,Disgusted
12460.wav,Sad
12461.wav,Angry
12462.wav,Happy
12463.wav,Happy
12464.wav,Disgusted
12465.wav,Happy
12466.wav,Neutral
12467.wav,Angry
12468.wav,Angry
12469.wav,Happy
12470.wav,Fearful
12471.wav,Neutral
12472.wav,Happy
12473.wav,Happy
12474.wav,Disgusted
12475.wav,Sad
12476.wav,Suprised
12477.wav,Neutral
12478.wav,Sad
12479.wav,Neutral
12480.wav,Fearful
12481.wav,Happy
12482.wav,Sad
12483.wav,Disgusted
12484.wav,Happy
12485.wav,Sad
12486.wav,Happy
12487.wav,Neutral
12488.wav,Suprised
12489.wav,Happy
12490.wav,Fearful
12491.wav,Angry
12492.wav,Happy
12493.wav,Neutral
12494.wav,Happy
12495.wav,Neutral
12496.wav,Sad
12497.wav,Sad
12498.wav,Neutral
12499.wav,Neutral
12500.wav,Neutral
12501.wav,Neutral
12502.wav,Fearful
12503.wav,Sad
12504.wav,Happy
12505.wav,Sad
12506.wav,Neutral
12507.wav,Neutral
12508.wav,Sad
12509.wav,Neutral
12510.wav,Angry
12511.wav,Fearful
12512.wav,Sad
12513.wav,Fearful
12514.wav,Angry
12515.wav,Neutral
12516.wav,Disgusted
12517.wav,Sad
12518.wav,Angry
12519.wav,Suprised
12520.wav,Sad
12521.wav,Neutral
12522.wav,Suprised
12523.wav,Disgusted
12524.wav,Fearful
12525.wav,Fearful
12526.wav,Angry
12527.wav,Fearful
12528.wav,Happy
12529.wav,Suprised
12530.wav,Neutral
12531.wav,Fearful
12532.wav,Disgusted
12533.wav,Disgusted
12534.wav,Sad
12535.wav,Sad
12536.wav,Sad
12537.wav,Fearful
12538.wav,Fearful
12539.wav,Sad
12540.wav,Sad
12541.wav,Happy
12542.wav,Angry
12543.wav,Fearful
12544.wav,Sad
12545.wav,Sad
12546.wav,Happy
12547.wav,Fearful
12548.wav,Happy
12549.wav,Angry
12550.wav,Sad
12551.wav,Angry
12552.wav,Happy
12553.wav,Sad
12554.wav,Sad
12555.wav,Fearful
12556.wav,Happy
12557.wav,Happy
12558.wav,Disgusted
12559.wav,Happy
12560.wav,Sad
12561.wav,Sad
12562.wav,Sad
12563.wav,Neutral
12564.wav,Happy
12565.wav,Disgusted
12566.wav,Fearful
12567.wav,Disgusted
12568.wav,Disgusted
12569.wav,Angry
12570.wav,Neutral
12571.wav,Happy
12572.wav,Neutral
12573.wav,Angry
12574.wav,Disgusted
12575.wav,Neutral
12576.wav,Happy
12577.wav,Sad
12578.wav,Sad
12579.wav,Angry
12580.wav,Disgusted
12581.wav,Fearful
12582.wav,Sad
12583.wav,Neutral
12584.wav,Happy
12585.wav,Fearful
12586.wav,Happy
12587.wav,Neutral
12588.wav,Fearful
12589.wav,Disgusted
12590.wav,Disgusted
12591.wav,Fearful
12592.wav,Fearful
12593.wav,Suprised
12594.wav,Happy
12595.wav,Neutral
12596.wav,Sad
12597.wav,Happy
12598.wav,Happy
12599.wav,Happy
12600.wav,Fearful
12601.wav,Sad
12602.wav,Happy
12603.wav,Suprised
12604.wav,Happy
12605.wav,Disgusted
12606.wav,Angry
12607.wav,Happy
12608.wav,Angry
12609.wav,Happy
12610.wav,Neutral
12611.wav,Sad
12612.wav,Happy
12613.wav,Sad
12614.wav,Happy
12615.wav,Disgusted
12616.wav,Neutral
12617.wav,Neutral
12618.wav,Angry
12619.wav,Neutral
12620.wav,Disgusted
12621.wav,Sad
12622.wav,Sad
12623.wav,Sad
12624.wav,Sad
12625.wav,Disgusted
12626.wav,Angry
12627.wav,Angry
12628.wav,Sad
12629.wav,Sad
12630.wav,Neutral
12631.wav,Sad
12632.wav,Neutral
12633.wav,Neutral
12634.wav,Neutral
12635.wav,Angry
12636.wav,Happy
12637.wav,Happy
12638.wav,Angry
12639.wav,Neutral
12640.wav,Suprised
12641.wav,Sad
12642.wav,Sad
12643.wav,Angry
12644.wav,Angry
12645.wav,Suprised
12646.wav,Sad
12647.wav,Angry
12648.wav,Disgusted
12649.wav,Disgusted
12650.wav,Happy
12651.wav,Neutral
12652.wav,Disgusted
12653.wav,Sad
12654.wav,Suprised
12655.wav,Happy
12656.wav,Neutral
12657.wav,Sad
12658.wav,Happy
12659.wav,Sad
12660.wav,Happy
12661.wav,Sad
12662.wav,Angry
12663.wav,Disgusted
12664.wav,Happy
12665.wav,Happy
12666.wav,Sad
12667.wav,Disgusted
12668.wav,Neutral
12669.wav,Sad
12670.wav,Happy
12671.wav,Sad
12672.wav,Disgusted
12673.wav,Happy
12674.wav,Happy
12675.wav,Neutral
12676.wav,Disgusted
12677.wav,Happy
12678.wav,Fearful
12679.wav,Neutral
12680.wav,Neutral
12681.wav,Angry
12682.wav,Angry
12683.wav,Happy
12684.wav,Fearful
12685.wav,Sad
12686.wav,Suprised
12687.wav,Sad
12688.wav,Angry
12689.wav,Fearful
12690.wav,Happy
12691.wav,Angry
12692.wav,Happy
12693.wav,Disgusted
12694.wav,Fearful
12695.wav,Sad
12696.wav,Suprised
12697.wav,Angry
12698.wav,Angry
12699.wav,Sad
12700.wav,Fearful
12701.wav,Suprised
12702.wav,Suprised
12703.wav,Fearful
12704.wav,Fearful
12705.wav,Disgusted
12706.wav,Disgusted
12707.wav,Fearful
12708.wav,Angry
12709.wav,Angry
12710.wav,Neutral
12711.wav,Angry
12712.wav,Angry
12713.wav,Happy
12714.wav,Angry
12715.wav,Fearful
12716.wav,Fearful
12717.wav,Neutral
12718.wav,Neutral
12719.wav,Neutral
12720.wav,Happy
12721.wav,Fearful
12722.wav,Neutral
12723.wav,Sad
12724.wav,Happy
12725.wav,Angry
12726.wav,Angry
12727.wav,Disgusted
12728.wav,Fearful
12729.wav,Happy
12730.wav,Sad
12731.wav,Neutral
12732.wav,Disgusted
12733.wav,Disgusted
12734.wav,Disgusted
12735.wav,Neutral
12736.wav,Suprised
12737.wav,Happy
12738.wav,Disgusted
12739.wav,Sad
12740.wav,Happy
12741.wav,Fearful
12742.wav,Angry
12743.wav,Angry
12744.wav,Sad
12745.wav,Sad
12746.wav,Angry
12747.wav,Sad
12748.wav,Sad
12749.wav,Sad
12750.wav,Happy
12751.wav,Angry
12752.wav,Fearful
12753.wav,Neutral
12754.wav,Sad
12755.wav,Happy
12756.wav,Fearful
12757.wav,Fearful
12758.wav,Neutral
12759.wav,Neutral
12760.wav,Happy
12761.wav,Sad
12762.wav,Disgusted
12763.wav,Sad
12764.wav,Happy
12765.wav,Sad
12766.wav,Happy
12767.wav,Sad
12768.wav,Happy
12769.wav,Neutral
12770.wav,Happy
12771.wav,Sad
12772.wav,Neutral
12773.wav,Happy
12774.wav,Happy
12775.wav,Happy
12776.wav,Fearful
12777.wav,Angry
12778.wav,Fearful
12779.wav,Neutral
12780.wav,Neutral
12781.wav,Fearful
12782.wav,Angry
12783.wav,Fearful
12784.wav,Angry
12785.wav,Neutral
12786.wav,Happy
12787.wav,Happy
12788.wav,Happy
12789.wav,Suprised
12790.wav,Disgusted
12791.wav,Disgusted
12792.wav,Angry
12793.wav,Disgusted
12794.wav,Sad
12795.wav,Angry
12796.wav,Suprised
12797.wav,Happy
